"bowl","combine","origin","quickly","frozen","breeze","beginning","create","swam","circus"
"having","bowl","friend","hungry","spoken","swam","beyond","unusual","branch","rubber"
"long","compare","high","beginning","welcome","type","break","anybody","once","highest"
"sense","middle","airplane","eventually","step","gasoline","church","chance","plate","sugar"
"several","place","discussion","mud","change","smell","steam","fighting","fellow","swam"
"adventure","bill","spend","political","environment","wire","ancient","same","strong","larger"
"should","electricity","window","orbit","felt","parallel","machine","very","ice","home"
"rocky","pot","supply","sure","claws","bee","structure","doctor","relationship","worker"
"longer","scientist","busy","enjoy","army","adult","nearly","coat","dear","judge"
"bet","planned","queen","small","record","case","upper","climate","free","cook"
"window","play","detail","military","escape","wet","tone","gun","weight","trap"
"husband","yourself","tears","no","older","driving","drawn","zero","mainly","give"
"month","mine","wrong","now","carried","cover","scientific","success","definition","movie"
"deal","image","select","desk","motion","taken","avoid","flies","giving","library"
"manner","village","very","floor","central","mind","arm","mainly","dried","table"
"mix","this","list","dig","talk","directly","tube","verb","blood","massage"
"bean","milk","sister","money","describe","any","nothing","claws","dawn","judge"
"aloud","field","lesson","country","adjective","think","having","whenever","diagram","chain"
"gun","discovery","familiar","own","farm","pour","finest","congress","fought","around"
"similar","mail","date","automobile","whether","begun","lonely","earlier","clothes","speak"
"remove","plant","stone","else","detail","hide","blanket","real","writer","keep"
"smell","section","escape","compare","movement","progress","pony","flower","universe","pictured"
"maybe","strip","feathers","news","orange","basis","body","nose","southern","short"
"handle","coal","lead","slave","tax","wrote","ice","cause","problem","final"
"break","naturally","soil","class","order","society","quiet","stick","seen","nature"
"necessary","win","salmon","badly","board","church","ranch","composition","morning","wrapped"
"cent","who","task","string","master","funny","neighbor","constantly","lot","engine"
"weigh","slide","huge","lead","nails","shine","dust","neighbor","maybe","control"
"broke","hat","great","dog","cause","waste","determine","rose","sugar","string"
"chemical","although","knew","doll","wet","use","twenty","cream","easy","fallen"
"over","pure","empty","sunlight","represent","forty","dozen","program","daily","breeze"
"became","mixture","temperature","key","neighbor","triangle","at","classroom","bow","surface"
"given","sang","by","lead","seat","lungs","seldom","college","trace","frighten"
"pupil","garden","met","dream","represent","is","unless","should","tropical","equator"
"chamber","birthday","favorite","desk","pony","oil","explain","clear","help","magic"
"will","grow","musical","how","fought","wheel","help","careful","cotton","primitive"
"any","life","rabbit","western","hello","goose","kids","by","lesson","hearing"
"fog","winter","wish","chose","decide","loose","melted","equator","attached","nails"
"fifteen","teach","bell","keep","carefully","light","mixture","truck","event","was"
"forget","bow","telephone","brown","hurt","third","wing","men","wolf","energy"
"fighting","for","score","cell","model","music","choose","above","jet","bend"
"climb","shadow","broad","horse","have","cutting","parallel","pink","film","metal"
"thrown","suggest","sing","do","year","above","rapidly","repeat","wing","sail"
"ahead","forward","actual","treated","bottom","several","fear","draw","shells","man"
"hollow","cup","scared","at","copper","read","automobile","relationship","recently","remember"
"search","root","lunch","agree","attack","hunt","image","elephant","crowd","serious"
"may","whose","in","remarkable","whose","factor","win","amount","nine","lips"
"biggest","tone","lost","come","type","parent","earth","rocky","these","hello"
"corn","special","fire","frame","solve","men","pain","seldom","mail","price"
"younger","tape","positive","bar","low","power","product","single","review","food"
"physical","ability","whatever","handsome","wise","electric","stiff","telephone","pride","compass"
"driving","they","band","gift","tongue","steep","pleasure","modern","machine","port"
"window","stream","universe","seven","easier","carried","ahead","strange","ought","any"
"badly","lucky","swim","get","feature","desk","since","heat","bend","rest"
"paper","amount","baby","party","automobile","exercise","concerned","atom","speech","missing"
"house","know","oil","joy","quick","damage","explanation","visit","gentle","pool"
"pass","old","rhyme","typical","nothing","write","nodded","citizen","freedom","led"
"valuable","won","play","world","slow","location","prepare","them","fox","wing"
"double","drew","depend","girl","fur","remarkable","ago","directly","pack","voyage"
"history","cutting","frequently","bit","shoe","connected","correctly","highway","dry","warn"
"sister","advice","border","creature","visitor","cannot","hang","flag","beginning","term"
"fear","occur","but","cent","believed","forward","rapidly","born","chapter","member"
"meal","doing","sudden","slight","chest","differ","obtain","dried","essential","game"
"numeral","station","buy","sea","catch","support","service","sister","outline","swept"
"shout","giant","rising","title","fierce","price","lake","believed","slept","red"
"barn","measure","moment","pretty","manufacturing","three","fall","catch","least","color"
"warn","ruler","spite","just","coach","heart","chamber","consider","palace","gulf"
"firm","particles","missing","larger","answer","nobody","comfortable","raise","frame","flow"
"mail","method","sister","line","clearly","watch","depth","whatever","plates","behind"
"giving","themselves","fireplace","ring","equator","southern","easily","occasionally","swam","topic"
"carbon","picture","greatly","heard","section","hungry","belong","storm","hat","remember"
"meat","stand","pain","nearer","two","lovely","mountain","market","rear","suit"
"important","pretty","shoe","managed","clear","drink","nose","special","trap","cow"
"broke","perfectly","crop","consider","fill","row","right","shaking","stock","feel"
"depend","into","win","border","climate","ranch","fifteen","brother","stage","nearly"
"glass","surrounded","back","typical","cook","early","park","orbit","fall","surprise"
"double","lying","circle","allow","master","trick","practical","wood","safety","already"
"piano","about","burst","ready","mice","us","lungs","fire","deep","horse"
"government","guess","comfortable","seen","hearing","certain","yellow","count","scientific","garage"
"thing","planning","hat","summer","factor","capital","same","impossible","full","muscle"
"pine","know","influence","observe","came","wool","meal","angry","contrast","actually"
"child","great","cross","am","comfortable","ice","primitive","tiny","largest","according"
"pure","compass","excited","quick","over","knife","expect","thumb","serious","score"
"everyone","numeral","pay","tide","ranch","air","pay","exchange","spell","subject"
"root","state","given","best","voice","union","energy","dog","steep","two"
"tax","little","deer","light","blue","pass","bat","card","equator","nice"
"contain","system","blue","yet","above","occasionally","stage","to","contain","frame"
"chain","back","shoe","vapor","sand","carefully","score","couple","gray","food"
"give","thing","hay","buy","national","mood","seat","slip","tower","ground"
"usually","review","require","sail","won","quarter","concerned","might","practical","mighty"
"expression","mountain","refer","memory","replied","eager","prepare","possibly","heard","egg"
"properly","agree","simply","browserling","mathematics","happy","turn","silent","review","diameter"
"night","strong","sing","deer","draw","realize","men","story","needle","circle"
"dug","high","bean","visit","constantly","mental","colony","sharp","act","willing"
"earn","order","effect","wild","slope","base","road","order","guard","black"
"able","beginning","keep","agree","whale","belong","carried","longer","substance","frighten"
"pattern","standard","signal","vessels","sun","once","model","discovery","trouble","suit"
"swung","taken","spent","oil","scientific","chart","nearby","would","strength","young"
"get","home","wing","gather","mass","numeral","city","card","ruler","throat"
"wing","railroad","some","were","heart","clothing","giving","present","attempt","obtain"
"send","extra","sea","poetry","reach","five","rough","applied","form","education"